{
    "rmse": 0.7203670636917964,
    "mae": 0.561348506746739,
    "r2": 0.24985912117098696
}